{"cameraMode":{"drawMode":0,"name":"Shaded","section":"Shading Mode"},"sceneLighting":false,"audioPlay":false,"sceneViewState":{"showFog":true,"showMaterialUpdate":false,"showSkybox":false,"showFlares":true,"showImageEffects":true,"showParticleSystems":true},"in2DMode":false,"pivot":{"x":0.0,"y":-1.3891721963882447,"z":1.5870000123977662},"rotation":{"x":0.5118942260742188,"y":0.21379175782203675,"z":-0.13334079086780549,"w":0.8212970495223999},"size":0.1675797551870346,"orthographic":false}