{"cameraMode":{"drawMode":0,"name":"Shaded","section":"Shading Mode"},"sceneLighting":false,"audioPlay":false,"sceneViewState":{"showFog":true,"showMaterialUpdate":false,"showSkybox":false,"showFlares":true,"showImageEffects":true,"showParticleSystems":true},"in2DMode":false,"pivot":{"x":-0.00011405348777770996,"y":0.16140025854110719,"z":-0.07824193686246872},"rotation":{"x":0.16424132883548737,"y":-0.7010719776153565,"z":0.17100723087787629,"w":0.6725689172744751},"size":0.25630858540534975,"orthographic":false}