{"cameraMode":{"drawMode":0,"name":"Shaded","section":"Shading Mode"},"sceneLighting":false,"audioPlay":false,"sceneViewState":{"showFog":true,"showMaterialUpdate":false,"showSkybox":false,"showFlares":true,"showImageEffects":true,"showParticleSystems":true},"in2DMode":false,"pivot":{"x":-0.6284996271133423,"y":0.09956736862659455,"z":-0.158301442861557},"rotation":{"x":0.06344137340784073,"y":-0.934579610824585,"z":0.21389958262443543,"w":0.27715468406677248},"size":1.0906157493591309,"orthographic":false}