{"cameraMode":{"drawMode":0,"name":"Shaded","section":"Shading Mode"},"sceneLighting":false,"audioPlay":false,"sceneViewState":{"showFog":true,"showMaterialUpdate":false,"showSkybox":false,"showFlares":true,"showImageEffects":true,"showParticleSystems":true},"in2DMode":false,"pivot":{"x":-0.05505436658859253,"y":0.9245339632034302,"z":0.0005270540714263916},"rotation":{"x":0.043266166001558307,"y":-0.9301292300224304,"z":0.11639910191297531,"w":0.3456439971923828},"size":1.1512476205825806,"orthographic":false}