{"cameraMode":{"drawMode":0,"name":"Shaded","section":"Shading Mode"},"sceneLighting":false,"audioPlay":false,"sceneViewState":{"showFog":true,"showMaterialUpdate":false,"showSkybox":false,"showFlares":true,"showImageEffects":true,"showParticleSystems":true},"in2DMode":false,"pivot":{"x":0.26556867361068728,"y":0.3355565071105957,"z":0.03685063123703003},"rotation":{"x":0.02687736228108406,"y":-0.0937284603714943,"z":0.0025394088588654997,"w":0.9952595829963684},"size":0.22210615873336793,"orthographic":false}