{"cameraMode":{"drawMode":0,"name":"Shaded","section":"Shading Mode"},"sceneLighting":false,"audioPlay":false,"sceneViewState":{"showFog":true,"showMaterialUpdate":false,"showSkybox":false,"showFlares":true,"showImageEffects":true,"showParticleSystems":true},"in2DMode":false,"pivot":{"x":0.0,"y":-0.0070401765406131748,"z":0.005326591432094574},"rotation":{"x":-0.13306356966495515,"y":0.2172514945268631,"z":-0.029908640310168268,"w":-0.9665427803993225},"size":0.08306918293237686,"orthographic":false}